{"routers":{"tasks":{"name":"tasks","version":"2025-09-10T06:11:07","disableAuth":false},"chat":{"name":"chat","version":"2025-09-09T19:04:43","disableAuth":false},"meetings":{"name":"meetings","version":"2025-09-09T19:40:38","disableAuth":false},"user_management":{"name":"user_management","version":"2025-09-10T06:03:54","disableAuth":false},"updates":{"name":"updates","version":"2025-09-09T18:24:55","disableAuth":false},"documents":{"name":"documents","version":"2025-09-09T18:09:05","disableAuth":false},"translations":{"name":"translations","version":"2025-09-09T21:46:29","disableAuth":false}}}